alpha_rad,P,FI
5.301894902031421136e-02,9.925143503127995537e-01,3.362055491402487356e-03
1.344217798393824992e-01,9.753901732901432142e-01,1.690185139375298927e-03
2.158246106584507940e-01,9.660220791237589255e-01,1.007959417542958654e-03
2.972274414775191165e-01,9.750537006975233956e-01,8.157910775262964273e-04
3.786302722965874112e-01,9.807514000013124456e-01,9.676652411605857901e-04
4.600331031156557060e-01,9.855497966589500392e-01,1.394295187555702562e-03
5.414359339347240008e-01,9.604827162466127444e-01,1.188050056331305896e-03
6.228387647537922955e-01,9.747517598348537371e-01,1.093268317696340910e-03
7.042415955728605903e-01,9.696339967066739396e-01,9.144833644436818360e-04
7.856444263919288851e-01,9.684088384584089715e-01,9.196014989316338888e-04
8.670472572109971798e-01,9.813432495646553511e-01,9.922779082541792906e-04
9.484500880300654746e-01,9.732341758902969264e-01,9.171473479514924811e-04
1.029852918849133658e+00,9.662545703472602554e-01,8.752311826416911281e-04
1.111255749668202064e+00,9.790382474731779139e-01,7.656736023954290298e-04
1.192658580487270248e+00,9.820663059271040884e-01,7.696870325392578737e-04
1.274061411306338432e+00,9.765040936318319931e-01,7.357945922036083185e-04
1.355464242125406837e+00,9.634285575371578370e-01,7.894501344046637482e-04
1.436867072944475243e+00,9.557510507200406291e-01,6.336960344004518870e-04
1.518269903763543427e+00,9.858836465396616511e-01,7.151791514896750027e-04
1.599672734582611611e+00,9.675309863422665302e-01,7.027566186592484150e-04
1.681075565401680016e+00,9.740111517132278296e-01,7.009211645009846316e-04
1.762478396220748422e+00,9.621598379457410033e-01,9.134308238129588368e-04
1.843881227039816606e+00,9.714617036398014438e-01,9.391646598812127510e-04
1.925284057858884790e+00,9.855675866891671077e-01,9.325016795321920942e-04
2.006686888677953196e+00,9.783945096956863097e-01,9.919282024268775543e-04
2.088089719497021601e+00,9.704510402719864759e-01,1.115143243225696391e-03
2.169492550316090007e+00,9.681197798711914659e-01,1.292264956633432408e-03
2.250895381135157969e+00,9.717841906269063523e-01,1.325699652627837684e-03
2.332298211954226375e+00,9.870897965752278846e-01,1.475570067608962315e-03
2.413701042773294780e+00,9.664265797412754377e-01,1.420160970905652055e-03
2.495103873592362742e+00,9.748461470175242560e-01,1.438448110832490912e-03
2.576506704411431148e+00,9.697372788933438237e-01,1.465568145427564081e-03
2.657909535230499554e+00,9.821796297777076745e-01,2.195491371349133670e-03
2.739312366049567959e+00,9.904563400591539502e-01,2.242050942597055736e-03
2.820715196868636365e+00,9.753641233667151855e-01,1.975014988011232920e-03
2.902118027687704327e+00,9.742039414174776812e-01,1.990703330716739935e-03
2.983520858506772733e+00,9.752707424983007023e-01,1.933517594075235451e-03
3.064923689325841138e+00,9.696501175473825063e-01,1.776308318003477597e-03
3.146326520144909100e+00,9.757738145640784122e-01,1.441344174574200150e-03
3.227729350963977506e+00,9.657898666315096747e-01,1.412733155939833963e-03
3.309132181783045912e+00,9.656885620923775226e-01,1.386846330867688021e-03
3.390535012602114318e+00,9.779336707025598763e-01,1.463889054133183298e-03
3.471937843421182723e+00,9.774105738093888940e-01,2.123504543357699129e-03
3.553340674240250685e+00,9.772516028098301444e-01,2.347983265005162880e-03
3.634743505059319091e+00,9.711838778774566361e-01,2.051571992240993226e-03
3.716146335878387497e+00,9.796038456250041326e-01,1.733671387254046752e-03
3.797549166697455458e+00,9.873815821540377069e-01,1.716751155172972646e-03
3.878951997516523864e+00,9.748985607643665396e-01,1.556923085709973828e-03
3.960354828335592270e+00,9.610042982001570921e-01,1.574169350254018759e-03
4.041757659154661120e+00,9.673077123358967411e-01,1.835457310738199252e-03
4.123160489973729526e+00,9.618260805395312252e-01,1.853711612997775227e-03
4.204563320792797931e+00,9.730916513617309249e-01,1.859725194628559152e-03
4.285966151611866337e+00,9.687739933183041607e-01,1.903485828129905695e-03
4.367368982430933855e+00,9.695392929527246739e-01,1.800089328494627276e-03
4.448771813250002261e+00,9.642679587744259484e-01,1.563915243275289593e-03
4.530174644069070666e+00,9.761665759847504287e-01,1.289985569349938726e-03
4.611577474888139072e+00,9.942779152888202576e-01,1.301799195668213588e-03
4.692980305707207478e+00,9.827225076500826217e-01,1.404935735151134363e-03
4.774383136526275884e+00,9.619386430309628810e-01,1.905655251662776795e-03
4.855785967345344289e+00,9.680174251361192139e-01,2.001209217273976042e-03
4.937188798164411807e+00,9.673139490032450771e-01,1.805921527011570930e-03
5.018591628983480213e+00,9.805735945536605547e-01,1.892365919143904019e-03
5.099994459802548619e+00,9.614505091437652862e-01,1.698867851373777205e-03
5.181397290621617024e+00,9.614782575752552907e-01,1.710308318964710557e-03
5.262800121440685430e+00,9.683662890082823660e-01,1.706045027947035095e-03
5.344202952259753836e+00,9.786093036822580693e-01,1.774787110418015335e-03
5.425605783078822242e+00,9.806740266916975646e-01,1.884431821352371096e-03
5.507008613897890648e+00,9.707296406068794958e-01,1.890008559312395756e-03
5.588411444716959053e+00,9.775055953173635848e-01,1.778548697348761006e-03
5.669814275536026571e+00,9.862826912813463798e-01,1.804782562153001016e-03
5.751217106355094977e+00,9.764917896864939717e-01,1.321517612077922985e-03
5.832619937174163383e+00,9.531113512430628987e-01,8.306288056829875871e-04
5.914022767993231788e+00,9.548201415101984502e-01,8.505195270701649581e-04
5.995425598812300194e+00,9.611365763986472466e-01,6.226309988112368370e-04
6.076828429631368600e+00,9.807881083911025311e-01,6.809787471657613878e-04
6.158231260450437006e+00,9.710721817093979080e-01,6.826560967339548487e-04
6.239634091269504523e+00,9.749226076942514307e-01,6.611898695089736804e-04
6.321036922088572929e+00,9.718848317058567110e-01,5.597418194612525369e-04
6.402439752907641335e+00,9.737974240362587963e-01,5.692137525784390743e-04
6.483842583726709741e+00,9.791382575092465457e-01,5.887146932361408567e-04
6.565245414545778146e+00,9.745270635679572635e-01,7.191198727941658765e-04
6.646648245364846552e+00,9.692167497165681267e-01,9.762457031449618943e-04
6.728051076183914958e+00,9.465259817751373594e-01,1.056903099248661035e-03
6.809453907002983364e+00,9.701382613608340311e-01,1.067195474817154294e-03
6.890856737822051770e+00,9.839099241519724259e-01,1.055014822530267590e-03
6.972259568641119287e+00,9.807614530371981942e-01,1.025590084276244022e-03
7.053662399460187693e+00,9.623246499666660014e-01,1.053621705939518241e-03
7.135065230279256099e+00,9.748812779914758364e-01,1.065417691897401712e-03
7.216468061098324505e+00,9.667183875545476424e-01,1.200680110263845557e-03
7.297870891917392910e+00,9.820836287322566305e-01,1.287339173039927847e-03
7.379273722736461316e+00,9.801630908378275997e-01,1.291531529680737048e-03
7.460676553555529722e+00,9.687417317248541160e-01,1.355086612026138674e-03
7.542079384374597240e+00,9.784300579645722751e-01,1.277309011611512659e-03
7.623482215193665645e+00,9.719366944374107087e-01,1.059341691543845511e-03
7.704885046012734051e+00,9.700185271263968012e-01,5.889277124438760782e-04
7.786287876831802457e+00,9.790297169208691530e-01,5.695024141483201810e-04
7.867690707650870863e+00,9.758011905863089863e-01,6.389103385062398777e-04
7.949093538469939269e+00,9.942207775581688445e-01,6.793935141066438990e-04
8.030496369289007674e+00,9.692938514264527461e-01,4.774696702966567808e-04
8.111899200108075192e+00,9.747722159746702308e-01,2.748939776378026749e-05
